customer_id,name,email,phone,city,join_date
CUST-10000,Nilima Chaudhari,jasonuppal@example.net,06156605067,Ajman,2025-09-16
CUST-10001,Ryan Loke,somanranbir@example.com,06472208672,Abu Dhabi,2025-09-08
CUST-10002,Owen Sundaram,dakshrajan@example.net,+917581869152,Sharjah,2024-08-22
CUST-10003,Eshana Nanda,yadavi22@example.com,+914502874693,Ajman,2024-05-14
CUST-10004,Ekavir Tank,aishaniverma@example.com,08579345180,Ajman,2025-04-10
CUST-10005,Faqid Din,chandrasaksham@example.net,9093125582,Sharjah,2024-12-02
CUST-10006,Ekapad Chanda,luke55@example.com,07901471614,Dubai,2025-04-19
CUST-10007,Qushi Bora,aradhana90@example.net,09260566294,Dubai,2025-09-02
CUST-10008,Abdul Mohanty,samabachittar@example.net,00434780809,Ajman,2025-05-20
CUST-10009,Vidhi Kohli,beraquincy@example.org,+918660402705,Abu Dhabi,2025-09-22
CUST-10010,Upma Gera,pahalradhakrishnan@example.com,08293414815,Ajman,2025-08-06
CUST-10011,Widisha Nayar,zpradhan@example.net,8931077170,Sharjah,2025-11-20
CUST-10012,Ridhi Warrior,onveerkothari@example.net,5605623218,Ajman,2024-11-26
CUST-10013,Ranbir Ravi,kbabu@example.org,2197123331,Abu Dhabi,2026-02-16
CUST-10014,Upadhriti Naidu,davepooja@example.com,+919031781851,Dubai,2025-12-10
CUST-10015,Chasmum Raju,tristan79@example.org,+918445665438,Dubai,2024-03-29
CUST-10016,Yug Zachariah,om78@example.org,4395462966,Sharjah,2024-12-25
CUST-10017,Gaurav Venkataraman,irya06@example.org,8552367670,Sharjah,2025-03-29
CUST-10018,Xalak Rege,sahotabimala@example.net,+912731986154,Dubai,2025-11-02
CUST-10019,Finn Suri,katazashil@example.org,8299942789,Dubai,2025-04-17
CUST-10020,Liam Pillai,mbhatia@example.net,+910152478910,Sharjah,2025-03-21
CUST-10021,Yatin Mane,jeet81@example.net,8403286197,Abu Dhabi,2025-10-15
CUST-10022,Om Dave,saksham94@example.org,+918838502366,Sharjah,2024-07-27
CUST-10023,Harini Shah,abhanadkarni@example.org,7305103682,Ajman,2025-02-20
CUST-10024,Rehaan Yogi,vasatika53@example.net,8833908637,Ajman,2024-05-01
CUST-10025,Anay Natt,shenoyira@example.org,2273092815,Abu Dhabi,2024-09-12
CUST-10026,Netra Rege,dhaliwalandrew@example.org,05403034489,Ajman,2026-01-31
CUST-10027,Jyoti Bail,lavanya61@example.org,+915968119593,Abu Dhabi,2024-11-17
CUST-10028,Pushti Kale,radhakrishnanjonathan@example.net,+914116695271,Abu Dhabi,2024-06-15
CUST-10029,Aachal Bhat,dsharma@example.net,5330499674,Abu Dhabi,2024-11-21
CUST-10030,Samaksh Zachariah,psandhu@example.net,9021388437,Sharjah,2025-01-13
CUST-10031,Arunima Mander,shettyprisha@example.com,+915484404486,Dubai,2026-02-07
CUST-10032,Arya Dani,narasimhanlohit@example.com,1889324140,Ajman,2025-10-29
CUST-10033,Gautam Bahri,vyanjanadada@example.net,2510991509,Dubai,2025-03-12
CUST-10034,Karan Sengupta,mahalharsh@example.com,4351702618,Dubai,2025-01-15
CUST-10035,Fitan Kota,madanubika@example.net,+913719848318,Abu Dhabi,2026-03-18
CUST-10036,Neel Upadhyay,daksheshmand@example.com,06592609721,Abu Dhabi,2024-04-30
CUST-10037,Dipta Dara,quincy42@example.org,3953799726,Ajman,2024-05-29
CUST-10038,Vrinda Sha,yogidev@example.com,7586978043,Abu Dhabi,2024-08-09
CUST-10039,Chanchal Aggarwal,poojagola@example.org,+915478213223,Ajman,2024-08-27
CUST-10040,Lekha Chaudhari,flalla@example.net,04565739716,Abu Dhabi,2024-09-01
CUST-10041,Harsh Nazareth,hshenoy@example.net,5309958063,Dubai,2024-11-08
CUST-10042,Bahadurjit Lalla,vyaswazir@example.com,02976362202,Abu Dhabi,2026-01-03
CUST-10043,Ikbal Khosla,neelkhurana@example.org,00309405487,Dubai,2025-09-22
CUST-10044,Gautami Shan,chandabeer@example.com,+916803888677,Sharjah,2025-04-20
CUST-10045,Xalak Bhatti,gerajagvi@example.com,+910660185881,Sharjah,2025-11-08
CUST-10046,Ubika Dixit,lbarad@example.org,+916167520661,Abu Dhabi,2025-03-27
CUST-10047,Warjas Chanda,pandeyyochana@example.org,1216176501,Dubai,2024-07-22
CUST-10048,Yochana Varma,shettygeetika@example.org,+919545291186,Sharjah,2024-09-25
CUST-10049,Nikita Krishna,aradhanadar@example.net,07285400897,Sharjah,2025-10-27
CUST-10050,Siya Bail,chokshimichael@example.net,5370980028,Abu Dhabi,2025-01-13
CUST-10051,Parth Yadav,lilakari@example.net,+915288633065,Sharjah,2025-05-05
CUST-10052,Naksh Sachdev,trivediikbal@example.net,+917258443095,Dubai,2025-02-01
CUST-10053,Madhavi Sinha,upadhyayanusha@example.com,+910089857654,Abu Dhabi,2026-02-27
CUST-10054,Orinder Khatri,narayanandhruv@example.com,0495086809,Dubai,2026-03-13
CUST-10055,Rohan Radhakrishnan,krishakapadia@example.com,5658308503,Ajman,2024-09-24
CUST-10056,Lila Ahluwalia,ckalita@example.org,+915667633569,Dubai,2025-07-02
CUST-10057,Nirja Radhakrishnan,lankapanini@example.com,+914134245542,Dubai,2024-08-08
CUST-10058,Gauri Kalla,ranbir30@example.com,+914029134948,Dubai,2025-12-20
CUST-10059,William Bedi,mahajanwakeeta@example.net,+910411153715,Dubai,2026-03-15
CUST-10060,Idika Madan,tpant@example.net,+914055924175,Dubai,2025-09-08
CUST-10061,Aachal Ranganathan,aiyengar@example.com,5968524503,Sharjah,2024-12-31
CUST-10062,Saumya Bhalla,memontriveni@example.org,1515271096,Dubai,2025-09-27
CUST-10063,Lopa Nadig,dsachar@example.net,3123882305,Ajman,2025-04-04
CUST-10064,Baghyawati Nath,hlad@example.net,+919881004793,Ajman,2025-12-17
CUST-10065,Lakshit Loyal,paiudant@example.net,00022028590,Abu Dhabi,2024-05-01
CUST-10066,Vrinda Dora,rattichandresh@example.com,+913717351944,Dubai,2025-09-27
CUST-10067,Pranit Goswami,kakarkeya@example.org,0730123428,Dubai,2025-02-21
CUST-10068,Lakshit Ben,upma38@example.com,9621889868,Sharjah,2026-03-17
CUST-10069,Chandresh Sehgal,raagini82@example.net,+916525635689,Sharjah,2025-07-04
CUST-10070,Tripti Balakrishnan,bavagautami@example.com,+917544772589,Sharjah,2024-12-24
CUST-10071,Lavanya Dara,oliverpradhan@example.org,4325349896,Ajman,2025-10-28
CUST-10072,Maanav Krish,neelimasingh@example.com,05979106913,Sharjah,2024-10-17
CUST-10073,Yash Magar,aadi97@example.org,7683233980,Sharjah,2025-11-07
CUST-10074,Ekavir Prabhu,vsekhon@example.org,03537364752,Abu Dhabi,2025-05-12
CUST-10075,Mohini Chowdhury,yashvigrover@example.com,02466521988,Ajman,2024-06-15
CUST-10076,Pranav Chanda,pranav35@example.com,08997854548,Dubai,2024-05-22
CUST-10077,Rudra Savant,kulkarniveer@example.net,+910388117675,Abu Dhabi,2024-04-18
CUST-10078,Kalpit Kakar,kalpitkale@example.com,05548874090,Sharjah,2026-01-25
CUST-10079,William Khanna,wridesh61@example.org,00332933710,Ajman,2025-02-12
CUST-10080,Pushti Savant,yashodharaiyengar@example.com,+917573248310,Sharjah,2025-05-24
CUST-10081,Neelima Vora,arinwagle@example.com,+918000985371,Abu Dhabi,2024-08-23
CUST-10082,Parth Butala,gaurikagill@example.com,2956952183,Sharjah,2025-04-14
CUST-10083,Naveen Pradhan,sidhunaksh@example.com,9835727411,Abu Dhabi,2025-03-19
CUST-10084,Agastya Naidu,kotamichael@example.net,+917193977644,Ajman,2025-06-10
CUST-10085,Sai Bhattacharyya,advay63@example.net,2967281597,Abu Dhabi,2024-04-19
CUST-10086,Anusha Savant,veer43@example.org,2539980861,Dubai,2025-12-06
CUST-10087,Rehaan Sant,mmisra@example.org,+917269330140,Abu Dhabi,2025-12-05
CUST-10088,Advika Oak,sarnaodika@example.org,2676590553,Dubai,2025-03-20
CUST-10089,Gautam Sur,jpall@example.com,5550528219,Dubai,2025-05-01
CUST-10090,Prisha Srinivas,mannelajita@example.org,2719582409,Dubai,2024-07-12
CUST-10091,Vivaan Sami,mahajanbaljiwan@example.org,03441118024,Ajman,2025-09-04
CUST-10092,Yadavi Maharaj,nimratdivan@example.org,+918720708971,Dubai,2025-02-25
CUST-10093,Rachit Maharaj,balhaardhar@example.org,+910953154053,Dubai,2025-11-04
CUST-10094,Yashica Choudhury,duttachavvi@example.net,6736721091,Dubai,2026-01-03
CUST-10095,Watika Dasgupta,tailorqadim@example.com,04535611649,Dubai,2024-04-01
CUST-10096,Nirja Saxena,zsetty@example.org,1392085873,Sharjah,2024-09-01
CUST-10097,Yatin Ahuja,kevinoommen@example.org,+914576614373,Sharjah,2025-04-14
CUST-10098,Janaki Dara,cbawa@example.org,+916264515656,Sharjah,2025-02-01
CUST-10099,Ishaan Prabhu,harrisonswamy@example.com,+913807648777,Ajman,2025-08-10
CUST-10100,Jagdish Kamdar,rvasa@example.net,9604950068,Sharjah,2025-07-19
CUST-10101,Agastya Mannan,gdyal@example.net,+916679951008,Abu Dhabi,2024-06-16
CUST-10102,Joshua Sehgal,hsunder@example.net,+917156454675,Dubai,2025-03-18
CUST-10103,Fariq Singhal,banand@example.com,8677223406,Abu Dhabi,2025-04-22
CUST-10104,Max Wason,shivansh33@example.com,+910273024662,Abu Dhabi,2024-07-13
CUST-10105,Krish Warrior,twarrior@example.com,05651835724,Sharjah,2025-05-18
CUST-10106,Patrick Pant,acharyayutika@example.com,+917307240631,Abu Dhabi,2024-09-30
CUST-10107,Logan Soman,leenananda@example.com,01643775988,Abu Dhabi,2024-07-18
CUST-10108,Nathaniel Patil,tarak66@example.org,2043018841,Abu Dhabi,2024-10-28
CUST-10109,Amaira Edwin,zkarnik@example.org,+918400589726,Sharjah,2025-11-25
CUST-10110,Christopher Purohit,lakshitvenkataraman@example.com,03125260434,Ajman,2026-01-30
CUST-10111,Owen Pau,chakrika28@example.com,+911722939388,Sharjah,2025-04-03
CUST-10112,Darpan Mishra,bishakha30@example.net,5662790499,Abu Dhabi,2025-12-22
CUST-10113,Baghyawati Sachdev,saxenaganga@example.com,5403716678,Ajman,2025-04-14
CUST-10114,Ekanta Ravi,chandaniganesan@example.org,+914240842412,Dubai,2024-09-19
CUST-10115,Dhriti Bajaj,prabhakarwakeeta@example.org,+917743565348,Dubai,2024-12-06
CUST-10116,Xalak Kar,flata@example.net,9212129244,Dubai,2025-01-26
CUST-10117,Fariq Naidu,raybhanumati@example.org,5326642579,Ajman,2025-05-10
CUST-10118,Mekhala Chahal,natarajanpratyush@example.com,+912539465979,Dubai,2024-10-10
CUST-10119,Krish Bose,isaiah05@example.org,00356581992,Ajman,2024-07-09
CUST-10120,Madhavi Arora,wsood@example.net,09820292609,Sharjah,2024-11-23
CUST-10121,Darsh Om,seshadridakshesh@example.com,01114859744,Dubai,2025-08-13
CUST-10122,Eesha Dayal,doshinaksh@example.org,+918618225912,Dubai,2026-01-03
CUST-10123,Harita Mani,advayramaswamy@example.com,06996622625,Ajman,2025-04-10
CUST-10124,Owen Nadig,aarushraju@example.com,+911710987993,Abu Dhabi,2024-04-14
CUST-10125,Alka Jayaraman,boaseyatin@example.net,8583010925,Ajman,2024-04-04
CUST-10126,Yashawini Bains,hseshadri@example.net,03026286842,Sharjah,2024-07-24
CUST-10127,Siya Nagar,udesai@example.com,+918735560840,Ajman,2026-01-29
CUST-10128,William Prabhakar,urvi13@example.net,06135598825,Dubai,2024-05-25
CUST-10129,Nimrat Rattan,oni98@example.org,03798949312,Ajman,2026-01-25
CUST-10130,Gagan Batta,michaelkeer@example.org,8329254999,Ajman,2025-12-12
CUST-10131,George Chandra,bdasgupta@example.com,+912911921280,Sharjah,2025-09-01
CUST-10132,Gayathri Majumdar,bahlmugdha@example.net,06895715420,Ajman,2024-04-24
CUST-10133,Yug Tank,ekanta80@example.org,+919603941776,Ajman,2024-12-16
CUST-10134,Lakshit Doctor,anamikachaudhuri@example.net,01265855212,Dubai,2025-03-17
CUST-10135,Teerth Raman,urvimittal@example.com,09053009833,Sharjah,2025-10-25
CUST-10136,Gagan Sibal,manbir92@example.com,2767554455,Ajman,2024-11-07
CUST-10137,Anya Rama,mupadhyay@example.com,6462247380,Ajman,2024-11-13
CUST-10138,Samuel Luthra,pradhanchakradev@example.org,8570334349,Sharjah,2025-02-21
CUST-10139,Brinda Basak,ejohal@example.net,9543460635,Abu Dhabi,2025-04-01
CUST-10140,Alexander Kapoor,ganeshcharvi@example.net,+918588228434,Sharjah,2024-10-11
CUST-10141,Chakrika Nadkarni,lpanchal@example.com,05254492878,Abu Dhabi,2025-02-25
CUST-10142,Kala Ganguly,nathaniel17@example.net,07948399492,Ajman,2025-06-23
CUST-10143,Yadavi Ganguly,sudiksha78@example.net,+911483131190,Abu Dhabi,2024-11-19
CUST-10144,Charan Setty,wramesh@example.org,00232277763,Dubai,2025-12-30
CUST-10145,Isha Vyas,rajata57@example.com,+915413264821,Sharjah,2025-03-13
CUST-10146,Urmi Chaudhry,ubuch@example.org,04770425213,Sharjah,2026-03-29
CUST-10147,Mohammed Bhat,meghapandya@example.org,1780330617,Ajman,2025-03-31
CUST-10148,Brinda Rajagopalan,aadi76@example.org,+912308863782,Ajman,2024-06-30
CUST-10149,Nitara Brar,vrao@example.org,00111847291,Dubai,2025-04-04
CUST-10150,Raghav Parmer,bimala96@example.com,6870583840,Abu Dhabi,2024-08-25
CUST-10151,Ronith Master,gopalseth@example.org,+917368078083,Abu Dhabi,2025-09-18
CUST-10152,Chakradhar Dhingra,wahab12@example.com,04003857697,Dubai,2025-12-26
CUST-10153,Vasudha Narayan,raagini25@example.com,02724588118,Dubai,2024-06-07
CUST-10154,Harita Lanka,omishakumar@example.org,+915776711471,Ajman,2024-08-31
CUST-10155,Rehaan Gandhi,kavya19@example.com,+913416610276,Ajman,2025-06-01
CUST-10156,Mekhala Manda,krishnamurthyfariq@example.com,2504676806,Dubai,2025-02-06
CUST-10157,Warjas Chana,bassipranit@example.net,7017077198,Dubai,2024-07-20
CUST-10158,Dev Sabharwal,contractoromisha@example.net,08672235194,Dubai,2025-04-27
CUST-10159,Ati Sunder,sinhasaanvi@example.net,07533956829,Abu Dhabi,2024-10-03
CUST-10160,Eesha Khurana,cchaudhari@example.org,+910810966091,Abu Dhabi,2025-01-14
CUST-10161,Bhavani Chacko,falguni32@example.org,02202834486,Dubai,2026-01-15
CUST-10162,Parth Sunder,anika97@example.com,2305838892,Abu Dhabi,2024-10-24
CUST-10163,Hema Chauhan,chameli88@example.com,06904031499,Ajman,2025-05-01
CUST-10164,Kiaan Gole,vbuch@example.net,+911050988888,Sharjah,2025-01-23
CUST-10165,Gayathri Kunda,gopalyashoda@example.org,3695889381,Abu Dhabi,2025-08-06
CUST-10166,Daksh Venkatesh,hkar@example.org,09657400960,Abu Dhabi,2026-03-12
CUST-10167,Jai Batra,pshanker@example.com,+916102989731,Abu Dhabi,2025-07-03
CUST-10168,Lipika Rajagopalan,hmane@example.com,8142438778,Abu Dhabi,2025-04-12
CUST-10169,Alexander Pingle,dayamai91@example.net,03127365513,Abu Dhabi,2025-05-23
CUST-10170,Christopher Kothari,amara64@example.org,+918577706891,Dubai,2024-09-12
CUST-10171,Chaaya Thakkar,asandhu@example.com,05874441395,Ajman,2025-12-10
CUST-10172,Anya Chauhan,dominictrivedi@example.net,+912441458554,Sharjah,2025-11-30
CUST-10173,Devansh De,yahvidayal@example.net,0808195464,Abu Dhabi,2024-09-30
CUST-10174,Yashawini Barman,yuvrajtara@example.net,+917559780343,Abu Dhabi,2025-11-06
CUST-10175,Wazir Kapadia,zarnabhattacharyya@example.org,+919736457152,Abu Dhabi,2025-10-04
CUST-10176,Rayaan Deshpande,daminitata@example.org,03958944902,Abu Dhabi,2025-02-12
CUST-10177,Daniel Nagy,raagininagarajan@example.com,7286661156,Ajman,2024-07-01
CUST-10178,Saumya Rout,wgulati@example.com,06322541082,Abu Dhabi,2025-01-16
CUST-10179,Indrajit Kapur,oviya33@example.com,04178845683,Abu Dhabi,2025-09-25
CUST-10180,Aditya Deol,zinal93@example.net,+914838450227,Ajman,2026-01-23
CUST-10181,Bimala Muni,benjamin16@example.com,05082833004,Sharjah,2024-09-16
CUST-10182,Manya Rattan,janyaraval@example.net,07723970100,Dubai,2025-11-21
CUST-10183,Faris Kari,umanda@example.org,09962217384,Ajman,2025-02-06
CUST-10184,Krisha Kala,bhavanigola@example.net,5449752265,Sharjah,2024-06-24
CUST-10185,Tanish Jha,agaterehaan@example.net,03927077136,Sharjah,2025-04-16
CUST-10186,Yashoda Madan,dmahal@example.com,04498101277,Dubai,2025-12-20
CUST-10187,Hema Bhandari,pratyush71@example.org,+913902662337,Dubai,2024-07-30
CUST-10188,Ishita Lala,eiravatigoswami@example.org,+917498216353,Dubai,2025-01-23
CUST-10189,Bhavika Zacharia,alkasandhu@example.org,+910054981512,Ajman,2025-09-23
CUST-10190,Praneel Kapoor,imore@example.com,+912129898417,Dubai,2024-11-17
CUST-10191,Eta Sagar,routkrishna@example.net,5997165656,Sharjah,2026-01-07
CUST-10192,Panini Karpe,umang59@example.net,+912344963096,Dubai,2024-08-04
CUST-10193,Shivani Nayar,nilimatak@example.com,3963658059,Ajman,2024-12-17
CUST-10194,Sudiksha Saraf,chaudhrykritika@example.com,+912746758124,Sharjah,2024-04-29
CUST-10195,Geetika Roy,ghoseaahana@example.org,6187161992,Dubai,2024-08-25
CUST-10196,Tanveer Shenoy,falakbuch@example.net,+915253552593,Abu Dhabi,2025-02-21
CUST-10197,Yuvraj Rout,vwalla@example.net,00193337357,Dubai,2024-12-03
CUST-10198,Nilima Bajaj,unori@example.net,+915969550228,Abu Dhabi,2025-11-06
CUST-10199,Oni Sant,kkota@example.net,3920893579,Ajman,2025-10-12
CUST-10200,Yashoda Bath,akakar@example.net,+913801223453,Ajman,2026-01-26
CUST-10201,Devika Rege,dhruvmittal@example.net,6563892452,Ajman,2026-03-07
CUST-10202,Widisha Jain,chadarya@example.org,07755057354,Sharjah,2025-05-03
CUST-10203,Charita Samra,xsarkar@example.com,0114287397,Sharjah,2024-10-17
CUST-10204,Vinaya Dhaliwal,davidapte@example.org,+917918337107,Dubai,2024-06-07
CUST-10205,Rehaan Patla,kotawarda@example.net,02172285974,Dubai,2025-06-29
CUST-10206,Sanya Sarkar,skanda@example.net,+915296121960,Abu Dhabi,2025-10-04
CUST-10207,Nathaniel Narayan,deviansh@example.org,+910291738332,Sharjah,2024-07-23
CUST-10208,Jacob Ganguly,jainmitesh@example.org,01257273040,Abu Dhabi,2026-03-18
CUST-10209,Unnati Vaidya,zaitra31@example.com,02474471286,Sharjah,2025-04-20
CUST-10210,Hritik Radhakrishnan,znayar@example.org,7302532212,Ajman,2024-09-11
CUST-10211,Chasmum Sarma,ekta09@example.net,5376263916,Ajman,2025-12-31
CUST-10212,Abha Pal,zilmil30@example.com,+917676359362,Dubai,2025-12-22
CUST-10213,Owen Varty,vivaankarpe@example.com,09996546741,Abu Dhabi,2025-08-10
CUST-10214,Edhitha Date,pallhamsini@example.com,+912255334734,Dubai,2025-04-24
CUST-10215,Zilmil Panchal,xchakrabarti@example.org,9542403316,Abu Dhabi,2025-06-27
CUST-10216,Ayaan Johal,ranganathanjason@example.com,02354923689,Ajman,2024-04-17
CUST-10217,Teerth Yogi,qbhatnagar@example.com,07779676161,Sharjah,2024-07-29
CUST-10218,David Vohra,abha07@example.org,04468685623,Ajman,2024-12-13
CUST-10219,Kritika Tara,rehaan03@example.net,0782510104,Dubai,2025-12-08
CUST-10220,Yoshita Bava,manthan68@example.net,00595868946,Dubai,2025-10-27
CUST-10221,Varsha Chaudhari,khatribina@example.net,0720287555,Sharjah,2026-02-17
CUST-10222,Pranav Nadig,bhavikatak@example.net,9300017731,Dubai,2025-01-10
CUST-10223,Hardik Gopal,gouraarnav@example.org,4652237780,Dubai,2026-02-14
CUST-10224,Ethan Gill,udarsh18@example.org,03461206470,Sharjah,2025-12-09
CUST-10225,Harinakshi Badal,vanya51@example.com,02365824960,Ajman,2024-08-13
CUST-10226,Hemang Prabhu,manyakumer@example.com,2750519478,Ajman,2026-03-15
CUST-10227,Harrison Chad,lkapoor@example.com,09294814256,Ajman,2025-01-19
CUST-10228,Vasana Padmanabhan,nagarajanjeremiah@example.com,00079406053,Sharjah,2024-09-22
CUST-10229,Jairaj Nazareth,naveensaraf@example.com,9839103157,Ajman,2024-10-29
CUST-10230,Gaurang Mane,triyadesai@example.com,2608245200,Abu Dhabi,2025-08-23
CUST-10231,Samar Gala,iryaborah@example.org,3531342980,Sharjah,2024-12-19
CUST-10232,Chakradhar Mannan,kamala87@example.org,+917155643399,Sharjah,2024-06-13
CUST-10233,Libni Narang,ramaswamyanita@example.net,+915761339220,Dubai,2025-02-09
CUST-10234,Champak Rai,balajyoti@example.com,+919372987966,Abu Dhabi,2025-09-21
CUST-10235,Jairaj Agate,praneel65@example.net,02498444948,Sharjah,2024-09-20
CUST-10236,Onkar Sha,hsastry@example.net,+919407704098,Sharjah,2024-07-12
CUST-10237,Kamala Garg,qmammen@example.com,06377009177,Dubai,2025-11-12
CUST-10238,Anita Varkey,aashibalan@example.org,+910178488092,Abu Dhabi,2025-07-25
CUST-10239,Bina Morar,mitali59@example.org,6148807624,Abu Dhabi,2024-11-11
CUST-10240,Ryan Pingle,msankaran@example.net,00770787087,Dubai,2025-09-05
CUST-10241,Wakeeta Naidu,aarav60@example.com,09903659793,Dubai,2024-08-19
CUST-10242,Ekansh Natarajan,mannerajeshri@example.org,6957579867,Dubai,2025-08-31
CUST-10243,Turvi Behl,indrajit14@example.org,04519714502,Sharjah,2025-01-03
CUST-10244,Tanish Parekh,jacobcheema@example.com,4751626443,Abu Dhabi,2024-05-29
CUST-10245,Ekavir Vaidya,onveer79@example.org,1930313433,Sharjah,2025-05-15
CUST-10246,Harrison Saini,mitalkaran@example.net,09008141021,Ajman,2024-08-11
CUST-10247,Ikbal Majumdar,aachalgoswami@example.org,9845618574,Sharjah,2025-02-16
CUST-10248,Zinal Balakrishnan,gautamkale@example.org,01338675511,Abu Dhabi,2024-06-19
CUST-10249,Chavvi Edwin,hayrebhanumati@example.org,2989412501,Dubai,2025-12-08
CUST-10250,Sai Chaudhary,nattforum@example.com,+911627219409,Abu Dhabi,2025-12-21
CUST-10251,Sara Raman,cprasad@example.org,08599413988,Sharjah,2026-02-05
CUST-10252,Tarak Magar,qdani@example.net,08285460054,Sharjah,2025-10-22
CUST-10253,Nathaniel Uppal,ojhaveri@example.com,6574942545,Sharjah,2025-05-01
CUST-10254,Parth Radhakrishnan,aditya54@example.net,+912986896145,Sharjah,2025-09-07
CUST-10255,Arjun Lalla,tparmer@example.net,2736469668,Abu Dhabi,2025-02-23
CUST-10256,Yoshita Halder,ikbalwalia@example.com,0292484697,Ajman,2024-03-29
CUST-10257,Wyatt Bhasin,majumdarmadhavi@example.net,2507513143,Ajman,2024-09-17
CUST-10258,Jagdish Solanki,raianvi@example.org,9350325466,Ajman,2025-04-19
CUST-10259,Wridesh Vasa,unni81@example.org,+918793661691,Abu Dhabi,2024-06-10
CUST-10260,Aadi Vora,craja@example.com,02017872676,Ajman,2024-05-07
CUST-10261,Harish Kadakia,gabaamara@example.org,+918882116610,Sharjah,2025-03-02
CUST-10262,Samuel Khanna,wchatterjee@example.com,8839703171,Sharjah,2024-10-23
CUST-10263,Vinaya Dhaliwal,damini54@example.org,+910778245141,Abu Dhabi,2024-12-19
CUST-10264,Lavanya Date,sandhuniharika@example.com,09080897072,Dubai,2025-10-10
CUST-10265,Manthan Agate,bahriaditya@example.net,5853921703,Ajman,2024-08-08
CUST-10266,Lajita Puri,lakshmi65@example.net,+915622782387,Sharjah,2025-11-13
CUST-10267,Adya Parsa,harshil98@example.org,+911807206981,Dubai,2025-02-23
CUST-10268,Tanvi Singh,daraishanvi@example.org,09294580439,Abu Dhabi,2024-11-26
CUST-10269,Omkaar Kapur,falguni62@example.net,9603199480,Abu Dhabi,2025-08-26
CUST-10270,Falan Chawla,mitalidara@example.org,8849648045,Dubai,2026-03-12
CUST-10271,Tristan Pal,girindra03@example.net,03783511936,Ajman,2025-05-06
CUST-10272,Noah Menon,gautam18@example.org,+915487793527,Ajman,2024-11-19
CUST-10273,Maanav Buch,vgour@example.com,+910877791830,Dubai,2025-01-11
CUST-10274,Daksh Kota,nehakarnik@example.com,1179917176,Sharjah,2025-12-28
CUST-10275,Yashawini Bhalla,christopher59@example.net,01070425557,Dubai,2024-04-24
CUST-10276,Damini Chopra,hardik48@example.org,+914384400824,Dubai,2024-12-17
CUST-10277,Vamakshi Karnik,eta65@example.net,8836151388,Abu Dhabi,2024-11-08
CUST-10278,Chandani Basak,rpalla@example.net,0900563784,Dubai,2024-12-28
CUST-10279,Xavier Talwar,khalsanachiket@example.org,+912341441556,Sharjah,2025-02-18
CUST-10280,Siddharth Lala,vjaggi@example.org,+912730154177,Abu Dhabi,2026-03-16
CUST-10281,Yashvi Sachdev,patrickshroff@example.org,7940547335,Dubai,2025-09-03
CUST-10282,Mitesh Chandra,nagysaumya@example.net,07537470371,Ajman,2024-11-21
CUST-10283,Oviya Garde,ethanram@example.net,1784968100,Ajman,2026-01-28
CUST-10284,Thomas Hayre,janakimanda@example.org,07992869579,Sharjah,2024-12-13
CUST-10285,Frado Rout,psha@example.org,01401525964,Abu Dhabi,2025-02-20
CUST-10286,Netra Kunda,jagvi05@example.com,+919614036222,Dubai,2025-11-09
CUST-10287,Vidhi Chada,diyacheema@example.net,+919894041862,Sharjah,2024-11-19
CUST-10288,Agastya Vaidya,gbal@example.net,8272456558,Ajman,2025-03-17
CUST-10289,Vrinda Ramaswamy,nirjadani@example.org,01931843327,Abu Dhabi,2024-07-06
CUST-10290,Pushti Mukhopadhyay,gsur@example.com,03993374476,Abu Dhabi,2025-10-09
CUST-10291,Hiral Krish,frederickdoshi@example.com,+918971065999,Abu Dhabi,2025-09-03
CUST-10292,Rudra Dada,oscarbehl@example.org,03757586672,Sharjah,2024-06-03
CUST-10293,Laban Prasad,vjaggi@example.org,02467783871,Ajman,2025-07-22
CUST-10294,Baghyawati Bains,jaggiamol@example.net,07745328441,Abu Dhabi,2025-04-14
CUST-10295,Faras Sethi,choprapavani@example.com,+918927763121,Sharjah,2024-11-26
CUST-10296,Warjas Dhar,amrita08@example.org,05746399676,Dubai,2025-07-02
CUST-10297,Adweta Mandal,saramand@example.net,0974438398,Ajman,2025-12-22
CUST-10298,Onkar Dasgupta,uganguly@example.net,08287235134,Sharjah,2026-01-21
CUST-10299,Yadavi Date,yachanasom@example.net,04598655424,Abu Dhabi,2024-08-19
CUST-10300,Tanay Lalla,yahviatwal@example.com,1943181609,Ajman,2026-01-05
CUST-10301,Falak Barad,borakalpit@example.net,4805977573,Sharjah,2025-01-16
CUST-10302,Jeremiah Gade,tatwal@example.com,3280928818,Abu Dhabi,2025-05-17
CUST-10303,Tanveer Mane,vanshasha@example.net,+910525611643,Abu Dhabi,2025-04-08
CUST-10304,Hemani Sampath,comarmaya@example.net,05828328066,Abu Dhabi,2024-10-15
CUST-10305,Zayyan Bala,khatriharrison@example.org,05576449710,Ajman,2024-12-30
CUST-10306,Ekansh Pau,jananiranganathan@example.net,+911900924466,Abu Dhabi,2024-08-18
CUST-10307,Raksha Sharma,onveer39@example.org,1806076006,Ajman,2025-03-10
CUST-10308,Varsha Ganguly,ayaanbuch@example.net,+913616133347,Sharjah,2024-11-20
CUST-10309,Darika Trivedi,jalsasarkar@example.net,+910991918068,Dubai,2025-10-04
CUST-10310,Gagan Amble,lavanyamaster@example.com,06273637801,Abu Dhabi,2025-04-06
CUST-10311,Champak Kanda,noah97@example.com,8769611633,Dubai,2024-09-15
CUST-10312,Nakul Goyal,comardivya@example.net,05263568797,Abu Dhabi,2024-11-01
CUST-10313,Yachana Sunder,aadhyanair@example.net,02220776331,Sharjah,2024-08-27
CUST-10314,Upma Chakraborty,xbal@example.org,02847744386,Ajman,2025-10-23
CUST-10315,Charles Rajan,qdewan@example.org,+913866215497,Abu Dhabi,2024-11-26
CUST-10316,Vivaan Mishra,nicholas73@example.net,+911198055971,Sharjah,2026-01-25
CUST-10317,Bhanumati Sachar,inayachakrabarti@example.org,+915261156668,Sharjah,2025-10-30
CUST-10318,Chaaya Kata,hgoyal@example.org,+910681035655,Abu Dhabi,2025-01-09
CUST-10319,Yochana Yohannan,itaneja@example.org,7095521267,Sharjah,2025-09-15
CUST-10320,Mohini Balakrishnan,teerth90@example.com,+918659619804,Ajman,2025-04-26
CUST-10321,Xalak Kumer,mitali69@example.org,09004802109,Sharjah,2025-02-01
CUST-10322,Saanvi Pillai,nbakshi@example.net,01915391355,Ajman,2024-11-08
CUST-10323,Lucky Shenoy,kadeayaan@example.org,07846776932,Dubai,2026-02-24
CUST-10324,Qarin Mane,brinda91@example.org,2132116889,Sharjah,2025-10-17
CUST-10325,Dominic Ravi,rachitoza@example.org,+910654071494,Abu Dhabi,2025-05-20
CUST-10326,Laksh Saini,prabhuansh@example.org,02116141848,Dubai,2025-10-04
CUST-10327,Frado Karan,mitalikibe@example.com,00834604772,Sharjah,2025-03-07
CUST-10328,Yadavi Puri,balvannadkarni@example.org,5985333510,Abu Dhabi,2024-08-21
CUST-10329,Oliver Cheema,victor20@example.com,+916342648336,Ajman,2026-02-02
CUST-10330,Bachittar Kamdar,pranitnagi@example.org,02196762798,Abu Dhabi,2025-01-10
CUST-10331,Rushil Sanghvi,samarthtrivedi@example.net,+915301452243,Abu Dhabi,2025-10-04
CUST-10332,Utkarsh Mishra,lohit45@example.net,+911048751381,Abu Dhabi,2024-10-25
CUST-10333,Faqid Kata,takayush@example.net,09793772858,Ajman,2024-11-25
CUST-10334,Ranveer Agrawal,robert91@example.org,1814732348,Sharjah,2025-08-15
CUST-10335,Kashish Som,ukala@example.org,05267901943,Abu Dhabi,2024-04-24
CUST-10336,Advay Batra,hmuni@example.net,+919059338211,Abu Dhabi,2024-11-14
CUST-10337,Dalaja Ramanathan,wazir28@example.org,+914023091763,Sharjah,2025-09-05
CUST-10338,Neha Raman,manthan92@example.org,9175278329,Abu Dhabi,2024-07-07
CUST-10339,Chandani Panchal,nandaaadhya@example.com,2149993058,Sharjah,2024-10-27
CUST-10340,Gabriel Aurora,ekalingakunda@example.net,+914299559412,Dubai,2025-03-17
CUST-10341,Varsha Sami,kapurbrijesh@example.net,09225910419,Ajman,2024-05-29
CUST-10342,Bhavini Ram,yahvinayak@example.org,+918380654755,Sharjah,2025-03-09
CUST-10343,Dalaja Halder,hiral24@example.net,+916003205591,Dubai,2025-03-19
CUST-10344,Timothy Ahluwalia,kalpitgopal@example.net,09855679462,Abu Dhabi,2024-08-17
CUST-10345,Dhriti Gera,bdyal@example.com,6260037504,Dubai,2024-05-27
CUST-10346,Bishakha Ravel,orinder99@example.net,9041763039,Ajman,2026-03-21
CUST-10347,Yachana Bala,tgill@example.org,+911027278805,Abu Dhabi,2024-08-18
CUST-10348,Harinakshi Manda,haritadugar@example.com,2888628890,Sharjah,2024-10-13
CUST-10349,Maya Chokshi,anamikakamdar@example.com,9048844356,Dubai,2026-03-05
CUST-10350,Netra Jhaveri,idhawan@example.net,01633893544,Abu Dhabi,2025-06-20
CUST-10351,Jalsa Rege,ranavaishnavi@example.net,08087588694,Ajman,2024-05-13
CUST-10352,Tanish Tak,pacharya@example.com,03352938018,Abu Dhabi,2024-12-07
CUST-10353,Leena Mann,harishde@example.net,01542761811,Ajman,2025-09-15
CUST-10354,Hamsini Narayanan,netra31@example.org,+912227190892,Sharjah,2024-06-16
CUST-10355,Azad Ratti,hamsinisavant@example.org,7441685487,Dubai,2025-07-10
CUST-10356,Pranit Bassi,seshadridayita@example.net,3204643369,Sharjah,2024-10-27
CUST-10357,Bhavini Narain,qpal@example.org,+916502142403,Ajman,2024-05-29
CUST-10358,Anamika Kapoor,ubora@example.net,7962294837,Abu Dhabi,2026-01-07
CUST-10359,Falak Acharya,fshetty@example.net,+918323230049,Sharjah,2024-07-18
CUST-10360,Kala Shenoy,wyogi@example.com,09550840795,Abu Dhabi,2024-07-16
CUST-10361,Mason Trivedi,charita14@example.net,7242166717,Ajman,2025-02-07
CUST-10362,Om Ahluwalia,gaganjani@example.org,5276797966,Ajman,2024-08-01
CUST-10363,Bhavya Tiwari,fshere@example.net,01125498641,Ajman,2025-10-01
CUST-10364,Bhavini Biswas,wnair@example.com,02519592260,Sharjah,2024-10-15
CUST-10365,Upadhriti Morar,jairaj@example.com,9117483271,Dubai,2024-07-16
CUST-10366,Theodore Gole,ishaan25@example.net,00211367570,Abu Dhabi,2025-07-29
CUST-10367,Bhavya Datta,qarindugar@example.net,02938566006,Dubai,2024-10-19
CUST-10368,Dalaja Patla,anyanarula@example.com,8538050239,Abu Dhabi,2025-12-19
CUST-10369,Zilmil Borah,kharejonathan@example.com,09547832568,Sharjah,2025-01-09
CUST-10370,Zaid Bora,upau@example.net,+915233689656,Dubai,2024-07-25
CUST-10371,Vasana Rastogi,nigampranit@example.net,+916992770636,Ajman,2025-09-13
CUST-10372,Dalaja Pall,gautamipalla@example.com,+910792770068,Dubai,2024-04-14
CUST-10373,Lakshit Dugal,varenya90@example.org,05132223866,Abu Dhabi,2024-11-05
CUST-10374,Aditya Bora,ivaidya@example.net,01749252641,Sharjah,2025-06-14
CUST-10375,Pavani Baral,agoda@example.net,+913766444042,Dubai,2025-08-22
CUST-10376,Anthony Upadhyay,abeerarya@example.net,+910838446463,Sharjah,2025-01-04
CUST-10377,Lucky Gour,mukhopadhyayvarenya@example.net,+919248962004,Ajman,2025-11-18
CUST-10378,Widisha Baral,bhardwajtamanna@example.org,2631450525,Dubai,2024-08-15
CUST-10379,Maanav Pal,loyalqadim@example.com,+914948128791,Ajman,2025-11-30
CUST-10380,Eta Kade,zashilkarnik@example.com,07185006398,Dubai,2024-08-24
CUST-10381,Anya Garde,nathanielwable@example.com,05336778077,Abu Dhabi,2025-10-20
CUST-10382,Mugdha Hora,yashodharagulati@example.net,3016073627,Dubai,2024-05-02
CUST-10383,Yashica Puri,niharika87@example.net,+916377311760,Dubai,2025-03-04
CUST-10384,Urmi Tripathi,zehaan77@example.org,6973608793,Sharjah,2024-07-22
CUST-10385,Indrajit Borde,mohanbimala@example.net,5993323764,Sharjah,2025-01-07
CUST-10386,Tanvi Gopal,ayush08@example.com,+916835557544,Ajman,2025-04-23
CUST-10387,Bhavini Goyal,sunderkaran@example.org,06217368677,Dubai,2025-05-14
CUST-10388,Nimrat Garde,samaaditya@example.com,+915514969527,Dubai,2025-12-27
CUST-10389,Sai Kumar,lavanyabalasubramanian@example.org,06358428803,Ajman,2025-10-18
CUST-10390,Nathaniel Kala,narasimhanridhi@example.com,+910944394447,Sharjah,2024-09-14
CUST-10391,Timothy Ranganathan,gopalvamakshi@example.org,+919826087096,Sharjah,2024-08-01
CUST-10392,Ranveer Krishnamurthy,kalitazashil@example.net,+915123591694,Ajman,2024-07-26
CUST-10393,Osha Sha,amanda@example.net,7948522531,Sharjah,2026-01-05
CUST-10394,Aarna Singhal,ronith62@example.org,09149585869,Abu Dhabi,2024-06-22
CUST-10395,Tara Sastry,adyavora@example.net,+918729115795,Dubai,2025-01-28
CUST-10396,Harrison Karan,basuishwar@example.com,8734432390,Dubai,2024-07-19
CUST-10397,Brijesh Doctor,ladli82@example.org,0166078447,Abu Dhabi,2024-11-08
CUST-10398,Pushti Tara,aachalchaudry@example.com,4681570065,Sharjah,2025-07-06
CUST-10399,Gaurang Narang,stella@example.net,02900726836,Abu Dhabi,2025-06-20
CUST-10400,Chameli Jhaveri,ekantatrivedi@example.org,+914305801359,Dubai,2024-11-21
CUST-10401,Ronith Raval,maanasbalakrishnan@example.org,07323315544,Sharjah,2025-04-29
CUST-10402,Azad Memon,gayathridube@example.org,08452971323,Abu Dhabi,2024-09-01
CUST-10403,Inaya Buch,magarcharita@example.net,08821855818,Abu Dhabi,2025-04-22
CUST-10404,Nisha Shenoy,edhithachawla@example.org,+912196954161,Dubai,2024-11-03
CUST-10405,Krish Narayanan,ubuch@example.com,+917197487421,Ajman,2026-02-06
CUST-10406,Yashoda Om,mannanudarsh@example.net,+913988325741,Sharjah,2024-10-18
CUST-10407,Qarin Kalla,indirarajagopalan@example.net,9747171371,Sharjah,2024-10-22
CUST-10408,Nilima Goda,charita24@example.net,+913032117438,Sharjah,2025-08-24
CUST-10409,Jason Hayer,raydiya@example.org,+910924152135,Ajman,2025-03-07
CUST-10410,Jonathan Brahmbhatt,sarthakom@example.net,5597064961,Ajman,2025-04-03
CUST-10411,Harsh Sodhi,reddygeetika@example.org,8245563955,Abu Dhabi,2026-03-11
CUST-10412,Riya Bains,rwali@example.net,1967437915,Dubai,2025-03-23
CUST-10413,Naveen Rau,simon00@example.org,05711887985,Sharjah,2026-02-16
CUST-10414,Nakul Brahmbhatt,sachdevaikbal@example.net,05573831559,Dubai,2025-04-26
CUST-10415,Dhriti Comar,sathebhanumati@example.org,07644583273,Ajman,2025-09-01
CUST-10416,Warjas Dugal,xbhardwaj@example.net,+911974310953,Sharjah,2024-04-24
CUST-10417,Nakul Ahluwalia,sureshnicholas@example.net,2609648039,Abu Dhabi,2025-05-23
CUST-10418,Warinder Panchal,ramakrishnanbhavya@example.com,7347950887,Sharjah,2026-01-04
CUST-10419,Kritika Manda,ikshitakalita@example.org,02932589487,Sharjah,2025-09-15
CUST-10420,Oeshi Mishra,bobalamaira@example.org,02690733293,Ajman,2024-06-09
CUST-10421,Nakul Sami,oscarshere@example.com,1598495908,Abu Dhabi,2025-10-14
CUST-10422,Pratyush Parekh,vincentdua@example.net,+913575272611,Sharjah,2024-05-24
CUST-10423,Faris Manne,pchand@example.org,+914947417132,Sharjah,2025-03-16
CUST-10424,Mitesh Bahl,bmajumdar@example.com,06862392275,Abu Dhabi,2025-02-27
CUST-10425,Januja Goel,saanvi00@example.net,7672290132,Abu Dhabi,2025-04-02
CUST-10426,Bina Pradhan,zachariabahadurjit@example.com,9723571866,Abu Dhabi,2025-06-10
CUST-10427,Zaid Lad,peter57@example.net,06111587114,Abu Dhabi,2025-07-01
CUST-10428,Zayan Ganesh,ydoctor@example.org,06242320490,Dubai,2025-07-19
CUST-10429,Brinda Bhandari,wbhatia@example.net,06549748117,Dubai,2024-05-11
CUST-10430,Yoshita Parikh,unnati36@example.com,4331801900,Ajman,2025-12-02
CUST-10431,Wahab Dutt,dalajabhagat@example.org,2528049591,Dubai,2024-11-30
CUST-10432,Nicholas Kunda,abeer82@example.org,02708538466,Abu Dhabi,2025-04-13
CUST-10433,Wyatt Chawla,yashasvi76@example.net,0833951971,Sharjah,2025-07-15
CUST-10434,Falguni Murthy,advay35@example.com,+912628232456,Sharjah,2025-01-19
CUST-10435,Lucky Kalla,anayshere@example.org,1311750851,Ajman,2024-10-21
CUST-10436,Aarav Prabhakar,megha45@example.net,04936647930,Abu Dhabi,2025-06-09
CUST-10437,Akshay Pathak,wriddhishseshadri@example.org,5626070294,Dubai,2025-04-22
CUST-10438,Idika Doshi,zachariahamaira@example.org,08376849943,Ajman,2024-07-05
CUST-10439,Indira Rastogi,farasupadhyay@example.net,03096692056,Sharjah,2024-05-13
CUST-10440,Hitesh Keer,abhiram15@example.net,+916882774329,Abu Dhabi,2025-12-04
CUST-10441,Abha Vora,dixitchatresh@example.org,+916548276757,Dubai,2025-01-10
CUST-10442,Quincy Kalita,mahikacontractor@example.net,08499762896,Abu Dhabi,2025-12-30
CUST-10443,Chanakya Dhingra,vedhika16@example.org,+910461098453,Ajman,2026-03-21
CUST-10444,Yuvraj Nair,gagan96@example.org,03960156914,Ajman,2025-02-16
CUST-10445,Fitan More,danielnagar@example.org,03107801679,Dubai,2024-04-02
CUST-10446,Omya Narain,raghavanandrew@example.com,8755430053,Ajman,2025-08-17
CUST-10447,Yash Tata,boraleena@example.net,0522998512,Abu Dhabi,2025-08-15
CUST-10448,Atharv Gala,ejain@example.com,7438861533,Abu Dhabi,2025-06-09
CUST-10449,Yashawini Chandra,aradhana04@example.net,4986511213,Sharjah,2024-10-22
CUST-10450,Edhitha Goswami,ayushchakraborty@example.org,01809070019,Dubai,2026-01-06
CUST-10451,Keya Kari,dinkeya@example.net,03312460839,Ajman,2026-01-30
CUST-10452,Aayush Saini,yochanadani@example.org,04756742081,Ajman,2025-09-16
CUST-10453,Inaya Karnik,tandonowen@example.org,3810550859,Sharjah,2025-12-10
CUST-10454,Faqid Rajagopalan,aditya40@example.org,+912594032777,Sharjah,2024-05-16
CUST-10455,Ojas Rege,parsahamsini@example.com,4514353226,Sharjah,2024-11-29
CUST-10456,Gavin Bakshi,hamsinidhar@example.org,07541858363,Abu Dhabi,2025-12-30
CUST-10457,Kiaan Lala,qpau@example.net,06013932977,Abu Dhabi,2024-12-22
CUST-10458,Kamala Dalal,ebuch@example.com,+918117941110,Dubai,2025-03-14
CUST-10459,Sudiksha Solanki,kibesara@example.com,00187327732,Dubai,2025-10-17
CUST-10460,Nidra Karan,xbhatti@example.net,+919259041048,Sharjah,2024-04-12
CUST-10461,Zayan Ramesh,yachana84@example.org,+911174031242,Sharjah,2024-10-08
CUST-10462,Barkha Krish,anandxiti@example.org,6229862582,Dubai,2025-10-10
CUST-10463,Mitali Sharma,sankaranfalguni@example.com,00161264973,Sharjah,2025-02-17
CUST-10464,Christopher Verma,voraaarini@example.net,06133912327,Abu Dhabi,2025-03-04
CUST-10465,Amara Bose,shankershravya@example.com,+919597390824,Ajman,2024-12-12
CUST-10466,Saumya Bhandari,nitara92@example.org,0423939717,Sharjah,2025-08-24
CUST-10467,Ekta Comar,sibalurvashi@example.com,01368878194,Dubai,2025-10-18
CUST-10468,Orinder Peri,xrana@example.org,6133491536,Sharjah,2024-04-11
CUST-10469,Yutika Radhakrishnan,viswanathanpatrick@example.org,02458975036,Dubai,2025-03-15
CUST-10470,Jonathan Gole,chaturawarrior@example.org,1714701050,Dubai,2024-11-25
CUST-10471,Rachita Sodhi,vrindaarora@example.net,0203207107,Sharjah,2026-02-20
CUST-10472,Anirudh Bhavsar,rreddy@example.net,00774312392,Abu Dhabi,2026-03-12
CUST-10473,Avni Sibal,dasradhika@example.net,+917930965870,Sharjah,2024-06-06
CUST-10474,Aarav Bajwa,ravelurmi@example.com,+915832442226,Dubai,2024-05-15
CUST-10475,Jyoti Patla,kapadiavrinda@example.org,04186895652,Sharjah,2025-04-20
CUST-10476,Leela Rau,omisha29@example.com,+917302997143,Ajman,2024-11-07
CUST-10477,Frado Panchal,lakshitsalvi@example.org,00285444513,Abu Dhabi,2025-11-29
CUST-10478,Anusha Thaker,xmalhotra@example.com,4250504431,Abu Dhabi,2024-09-25
CUST-10479,Radhika Apte,tloke@example.org,09307510111,Abu Dhabi,2025-06-11
CUST-10480,George Master,dugarira@example.net,2176288388,Ajman,2025-01-30
CUST-10481,Dipta Muni,nattpallavi@example.com,8193634620,Sharjah,2025-08-27
CUST-10482,Bhavya Tata,upadhritikhanna@example.net,1136104259,Ajman,2025-08-15
CUST-10483,Ethan Balay,faras20@example.org,+919820870323,Sharjah,2024-05-28
CUST-10484,Yash Grover,malllekha@example.org,+911118320408,Ajman,2025-05-13
CUST-10485,Jasmit Dora,banjeet98@example.net,09916272248,Dubai,2026-03-28
CUST-10486,Manya Banerjee,radhika63@example.org,06829253740,Dubai,2026-02-24
CUST-10487,Edhitha Gera,ibrar@example.org,+916413666882,Ajman,2024-08-01
CUST-10488,Ladli Chawla,ojasiyengar@example.com,7865458099,Abu Dhabi,2024-09-04
CUST-10489,Tamanna Bhandari,mannunni@example.org,00068442409,Sharjah,2024-10-01
CUST-10490,Chakradev Oak,vermaqarin@example.net,+918650642305,Dubai,2025-02-27
CUST-10491,Irya Raval,saidesai@example.net,08319358715,Sharjah,2025-04-13
CUST-10492,Nidhi Ramakrishnan,gseshadri@example.org,+910846366767,Abu Dhabi,2025-02-15
CUST-10493,Urvashi Johal,chakradhardewan@example.com,07270809434,Abu Dhabi,2026-01-14
CUST-10494,Daniel Khare,jeevika93@example.net,+916896209764,Sharjah,2024-12-17
CUST-10495,Vidhi Chaudry,amrutananda@example.net,06950593205,Sharjah,2025-02-16
CUST-10496,Mohini Mahal,shivanisavant@example.org,3961308206,Sharjah,2024-09-24
CUST-10497,Ethan Krish,dhruvdoshi@example.org,04133194573,Abu Dhabi,2025-11-22
CUST-10498,Yatan Mahal,tbadami@example.org,02269905015,Ajman,2025-01-10
CUST-10499,Jagat Chandran,ivyas@example.net,+910166929897,Abu Dhabi,2026-01-06
